Date,Bankers Counter,Bankers Percent,All matches counter,All matches percent
2021-05-19,19,78.900001525879,108,65.69999694824219
2021-05-21,5,80,43,62.79999923706055
2021-05-23,18,60,161,60.099998474121094
2021-05-22,19,65.199996948242,141,59.20000076293945
2021-05-24,5,100,47,59.849998474121094
2021-05-25,3,66.666603088379,26,53.84619903564453
2021-05-26,2,100,59,55.93220138549805
2021-05-27,4,75,21,38.09519958496094
2021-05-28,1,100,27,62.9630012512207
2021-05-29,13,84.61540222168,99,57.575801849365234
2021-05-30,3,33.333301544189,103,62.13589859008789
2021-06-02,1,100,20,65
2021-06-05,6,100,74,54.054100036621094
2021-06-06,3,33.333301544189,38,65.78949737548828
2021-06-12,7,71.428596496582,97,62.886600494384766
2021-06-13,9,66.666702270508,103,63.1068000793457
2021-06-14,5,40,30,43.33330154418945
2021-06-15,1,100,38,60.52629852294922
2021-06-16,3,66.666603088379,52,67.30770111083984
2021-06-17,3,66.666603088379,38,71.05259704589844
2021-06-18,4,75,48,70.83329772949219
2021-06-19,8,75,78,60.25640106201172
2021-06-20,3,66.666702270508,92,63.04349899291992
2021-06-21,4,75,28,71.42859649658203
2021-06-22,4,75,37,67.56759643554688
2021-06-23,3,66.666702270508,62,64.51609802246094
2021-06-24,2,50,39,46.15380096435547
2021-06-25,1,100,26,53.84619903564453
2021-06-26,7,85.714302062988,72,63.88890075683594
2021-06-27,9,55.555599212646,115,58.26089859008789
2021-06-28,3,66.666000366211,46,52.17390060424805
2021-06-30,5,60,51,56.862701416015625
2021-07-01,4,100,42,59.523799896240234
2021-07-02,2,50,40,47.5
2021-07-03,4,50,84,65.4761962890625
2021-07-04,6,66.666702270508,101,60.395999908447266
2021-07-05,3,33.333301544189,37,67.56759643554688
2021-07-07,0,0,32,53.125
2021-07-08,2,50,32,59.375
2021-07-09,2,100,26,61.53850173950195
2021-07-10,4,50,70,54.285701751708984
2021-07-11,5,60,85,61.17649841308594
2021-07-12,2,50,30,53.33330154418945
2021-07-13,0,0,23,65.21739959716797
2021-07-15,2,0,31,74.193603515625
2021-07-16,1,100,30,60
2021-07-17,11,72.72730255127,124,58.06449890136719
2021-07-18,3,66.666603088379,102,66.66670227050781
2021-07-19,2,100,37,62.162200927734375
2021-07-21,3,100,51,76.47059631347656
2021-07-22,1,0,23,56.52170181274414
2021-07-23,7,71.428596496582,70,64.28569793701172
2021-07-24,3,33.333301544189,65,63.076900482177734
2021-07-25,6,83.333297729492,111,64.86489868164062
2021-07-26,0,0,32,56.25
2021-07-27,3,66.666702270508,46,65.21739959716797
2021-07-28,4,75,66,69.6969985961914
2021-07-30,2,100,83,66.26509857177734
2021-07-31,0,0,151,57.61589813232422
2021-08-01,5,40,177,57.06209945678711
2021-08-02,3,100,68,57.352901458740234
2021-08-03,0,0,29,62.069000244140625
2021-08-04,2,50,39,64.10260009765625
2021-08-05,2,100,20,80
2021-08-06,2,100,88,68.18180084228516
2021-08-08,2,50,170,61.17649841308594
2021-08-09,4,75,78,65.38459777832031
2021-08-11,0,0,20,60
2021-08-12,0,0,25,48
2021-08-13,6,66.666702270508,119,57.14289855957031
2021-08-14,19,63.157901763916,373,61.125999450683594
2021-08-15,14,57.14289855957,243,63.3745002746582
2021-08-16,2,100,69,60.869598388671875
2021-08-17,0,0,89,64.0448989868164
2021-08-18,5,60,100,64
2021-08-19,1,0,53,69.8113021850586
2021-08-20,2,100,110,63.63639831542969
2021-08-21,8,87.5,424,58.4906005859375
2021-08-22,6,50,286,65.03500366210938
2021-08-23,2,50,72,63.88890075683594
2021-08-24,2,50,70,61.4286003112793
2021-08-25,5,80,79,56.96200180053711
2021-08-26,0,0,35,62.85710144042969
2021-08-27,3,100,122,62.295101165771484
2021-08-28,13,69.230796813965,434,60.13819885253906
2021-08-29,5,100,289,65.39790344238281
2021-08-30,0,0,85,65.88240051269531
2021-08-31,1,100,30,66.66670227050781
2021-09-01,6,66.666702270508,48,66.66670227050781
2021-09-02,0,0,42,69.04759979248047
2021-09-03,1,0,72,62.5
2021-09-04,2,50,209,59.80860137939453
2021-09-05,5,40,125,59.20000076293945
2021-09-06,0,0,33,54.545501708984375
2021-09-07,7,57.14289855957,66,59.09090042114258
2021-09-08,5,20,43,46.511600494384766
2021-09-10,8,50,116,54.310298919677734
2021-09-11,10,60,445,60
2021-09-12,4,50,290,65.17240142822266
2021-09-13,1,100,75,62.66669845581055
2021-09-14,3,100,86,50
2021-09-15,5,40,79,59.49369812011719
2021-09-16,3,66.666702270508,42,64.28569793701172
2021-09-17,2,100,116,56.89649963378906
2021-09-18,9,44.444400787354,421,56.76959991455078
2021-09-19,7,57.14289855957,285,61.0526008605957
2021-09-20,3,66.666702270508,60,63.33330154418945
2021-09-21,3,100,65,67.69229888916016
2021-09-22,3,66.666702270508,107,60.74769973754883
2021-09-23,2,100,58,58.62070083618164
2021-09-24,10,40,114,57.01750183105469
2021-09-25,27,59.259300231934,434,58.75579833984375
2021-09-26,11,90.909103393555,328,61.28049850463867
2021-09-27,0,0,52,55.76919937133789
2021-09-28,2,0,61,47.54100036621094
2021-09-29,4,50,78,66.66670227050781
2021-09-30,4,75,40,57.5
2021-10-01,3,66.666702270508,124,61.29029846191406
2021-10-02,22,68.181800842285,401,58.35409927368164
2021-10-03,17,47.058799743652,333,57.65769958496094
2021-10-04,1,100,41,51.21950149536133
2021-10-05,3,66.666702270508,41,48.78049850463867
2021-10-06,2,50,42,69.04759979248047
2021-10-07,5,80,33,66.66670227050781
2021-10-08,8,87.5,85,56.47060012817383
2021-10-09,24,75,253,57.312198638916016
2021-10-10,18,66.666702270508,117,61.53850173950195
2021-10-11,8,75,41,56.097599029541016
2021-10-13,4,75,30,50
2021-10-13,4,75,30,50
2021-10-14,3,100,24,58.33330154418945
2021-10-26,6,50,91,62.63740158081055
2021-10-29,7,71.428596496582,98,68.36730194091797
2021-10-30,17,76.470596313477,382,65.44499969482422
2021-10-30,17,76.470596313477,382,65.44499969482422
2021-11-01,2,50,79,73.4177017211914
2021-11-02,2,50,65,67.69229888916016
2021-11-03,2,100,70,64.28569793701172
2021-11-04,0,0,36,77.77780151367188
2021-11-05,5,60,121,73.55370330810547
2021-11-06,14,92.85710144043,411,66.42340087890625
2021-11-07,25,72,312,68.9103012084961
2021-11-08,1,100,30,73.33329772949219
2021-11-09,0,0,29,62.069000244140625
2021-11-10,0,0,25,60
2021-11-11,7,57.14289855957,41,70.73169708251953
2021-11-12,1,100,43,72.09300231933594
2021-11-13,5,40,176,58.522701263427734
2021-11-14,4,100,111,72.07209777832031
2021-11-15,4,25,43,60.4650993347168
2021-11-16,2,100,41,75.60980224609375
2021-11-17,3,0,22,45.454498291015625
2021-11-19,4,50,100,71
2021-11-20,15,73.333297729492,419,63.007198333740234
2021-11-21,9,44.444400787354,275,68
2021-11-22,5,40,52,57.692298889160156
2021-11-23,2,50,77,67.53250122070312
2021-11-24,2,50,73,61.643798828125
2021-11-25,3,66.666702270508,64,60.9375
2021-11-26,3,66.666702270508,84,64.28569793701172
2021-11-27,5,60,310,62.58060073852539
2021-11-28,11,72.72730255127,266,65.03759765625
2021-11-29,2,100,41,73.17070007324219
2021-11-30,2,50,55,74.54550170898438
2021-12-01,4,75,65,73.84619903564453
2021-12-02,2,100,28,67.85710144042969
2021-12-03,4,50,87,60.919498443603516
2021-12-04,6,100,305,65.57379913330078
2021-12-05,5,100,221,70.13569641113281
2021-12-06,3,66.666702270508,48,72.91670227050781
2021-12-07,0,0,48,66.66670227050781
2021-12-08,1,0,41,60.97560119628906
2021-12-09,4,75,43,74.4186019897461
2021-12-10,3,66.666702270508,75,61.33330154418945
2021-12-11,5,60,297,69.02359771728516
2021-12-12,4,50,158,67.0886001586914
2021-12-13,0,0,31,70.96769714355469
2021-12-14,2,100,42,69.04759979248047
2021-12-15,5,100,44,70.45449829101562
2021-12-16,2,100,27,74.0740966796875
2021-12-17,5,40,53,56.60380172729492
2021-12-18,3,33.333301544189,188,62.76599884033203
2021-12-19,5,40,125,69.5999984741211
2021-12-21,0,0,43,81.39530181884766
2021-12-22,4,75,66,63.63639831542969
2021-12-25,1,100,32,62.5
2021-12-26,4,75,93,64.51609802246094
2021-12-27,4,100,42,66.66670227050781
2021-12-28,2,0,48,60.41669845581055
2021-12-29,1,100,32,65.625
2021-12-30,1,100,20,55
2022-01-01,3,66.666702270508,59,55.93220138549805
2022-01-02,1,0,69,66.66670227050781
2022-01-03,4,100,33,54.545501708984375
2022-01-07,3,33.333301544189,30,76.66670227050781
2022-01-08,1,100,127,61.417301177978516
2022-01-09,2,100,55,67.27269744873047
2022-01-11,0,0,42,61.90480041503906
2022-01-14,1,100,33,60.60609817504883
2022-01-15,6,83.333297729492,179,64.80449676513672
2022-01-16,10,80,82,63.41460037231445
2022-01-17,3,100,23,73.91300201416016
2022-01-18,3,100,44,70.45449829101562
2022-01-19,3,66.666702270508,28,46.4286003112793
2022-01-21,2,100,57,70.17539978027344
2022-01-22,8,75,232,64.2240982055664
2022-01-23,6,83.333297729492,109,66.97250366210938
2022-01-25,2,50,87,65.51719665527344
2022-01-26,0,0,56,66.07140350341797
2022-01-27,0,0,27,59.259300231933594
2022-01-28,0,0,42,66.66670227050781
2022-01-29,2,50,214,60.74769973754883
2022-01-30,0,0,121,58.67770004272461
2022-01-31,0,0,21,47.61899948120117
2022-02-01,2,50,68,63.23529815673828
2022-02-02,1,100,66,68.18180084228516
2022-02-03,0,0,31,64.51609802246094
2022-02-04,1,100,62,79.03230285644531
2022-02-05,8,62.5,291,63.91749954223633
2022-02-06,2,100,191,66.49210357666016
2022-02-07,0,0,34,76.47059631347656
2022-02-08,1,100,83,72.28919982910156
2022-02-09,3,100,69,68.11589813232422
2022-02-10,1,100,36,63.88890075683594
2022-02-11,2,0,77,72.72730255126953
2022-02-12,7,57.14289855957,325,68.30770111083984
2022-02-13,2,100,224,66.07140350341797
2022-02-14,2,100,49,67.3469009399414
2022-02-15,2,100,88,57.954498291015625
2022-02-16,3,33.333301544189,84,64.28569793701172
2022-02-17,2,100,39,53.84619903564453
2022-02-18,1,0,72,59.722198486328125
2022-02-19,14,57.14289855957,336,65.17859649658203
2022-02-20,10,60,256,67.1875
2022-02-21,0,0,52,57.692298889160156
2022-02-22,2,100,85,60
2022-02-23,4,75,83,62.65060043334961
2022-02-24,0,0,35,51.4286003112793
2022-02-25,7,85.714302062988,122,71.3115005493164
2022-02-26,14,78.571403503418,393,65.9032974243164
2022-02-27,7,42.85710144043,301,64.45179748535156
2022-02-28,4,50,59,62.71189880371094
2022-03-01,4,100,90,66.66670227050781
2022-03-02,2,100,88,70.45449829101562
2022-03-03,2,100,33,72.72730255126953
2022-03-04,1,100,109,61.467899322509766
2022-03-05,14,71.428596496582,445,63.59550094604492
2022-03-06,17,82.352897644043,331,69.78849792480469
2022-03-07,3,100,71,61.9718017578125
2022-03-08,5,60,85,64.70590209960938
2022-03-09,2,50,118,68.64409637451172
2022-03-10,1,100,43,55.81399917602539
2022-03-11,8,62.5,118,68.64409637451172
2022-03-12,11,81.818199157715,410,66.09760284423828
2022-03-13,18,66.666702270508,329,63.82979965209961
2022-03-14,5,60,55,58.181800842285156
2022-03-15,5,40,112,72.32140350341797
2022-03-16,1,100,81,60.49380111694336
2022-03-17,2,100,35,51.4286003112793
2022-03-18,8,75,124,60.4838981628418
2022-03-19,13,61.538501739502,437,67.9634017944336
2022-03-20,20,55,305,66.55740356445312
2022-03-21,0,0,33,84.84850311279297
2022-03-22,3,100,72,65.27780151367188
2022-03-23,0,0,48,70.83329772949219
2022-03-24,0,0,40,72.5
2022-03-26,8,87.5,213,62.91080093383789
2022-03-27,5,80,119,72.2688980102539
2022-03-29,3,33.333301544189,38,68.42109680175781
2022-03-30,5,100,130,63.84619903564453
2022-03-31,1,0,30,56.66669845581055
2022-04-01,8,87.5,110,62.727298736572266
2022-04-02,30,76.666702270508,458,63.53710174560547
2022-04-03,20,75,371,65.2291030883789
2022-04-04,8,75,74,72.9729995727539
2022-04-05,10,80,105,69.5238037109375
2022-04-06,7,71.428596496582,145,62.75859832763672
2022-04-07,0,0,21,71.42859649658203
2022-04-08,4,25,104,57.692298889160156
2022-04-09,32,81.25,493,67.54560089111328
2022-04-10,29,82.758598327637,451,67.84919738769531
2022-04-11,3,66.666702270508,66,66.66670227050781
2022-04-12,3,66.666702270508,46,63.04349899291992
2022-04-13,6,66.666702270508,66,63.63639831542969
2022-04-14,4,25,121,61.98350143432617
2022-04-15,12,66.666702270508,198,66.1615982055664
2022-04-16,22,72.72730255127,406,64.28569793701172
2022-04-17,11,63.63639831543,277,60.28879928588867
2022-04-18,12,75,253,67.98419952392578
2022-04-19,3,33.333301544189,76,61.842098236083984
2022-04-20,5,60,118,66.10169982910156
2022-04-21,1,100,48,60.41669845581055
2022-04-22,6,66.666702270508,110,60
2022-04-23,21,76.190498352051,483,63.97520065307617
2022-04-24,21,76.190498352051,395,63.79750061035156
2022-04-25,1,100,94,61.70209884643555
2022-04-26,3,100,55,69.09089660644531
2022-04-27,3,66.666702270508,127,72.44090270996094
2022-04-28,0,0,29,51.724098205566406
2022-04-29,9,33.333301544189,167,55.6885986328125
2022-04-30,19,73.684196472168,433,65.58889770507812
2022-05-01,17,82.352897644043,324,68.51850128173828
2022-05-02,5,40,106,65.09429931640625
2022-05-03,2,100,52,65.38459777832031
2022-05-04,4,75,117,65.81199645996094
2022-05-05,2,100,40,62.5
2022-05-06,11,72.72730255127,149,69.12750244140625
2022-05-07,28,75,459,70.15249633789062
2022-05-08,20,70,375,68.2667007446289
2022-05-09,0,0,57,59.64910125732422
2022-05-10,9,88.888900756836,75,68
2022-05-11,8,87.5,91,65.93409729003906
2022-05-12,2,0,48,62.5
2022-05-13,3,100,103,74.7573013305664
2022-05-14,20,65,348,64.94249725341797
2022-05-15,30,60,377,66.84349822998047
2022-05-16,6,50,72,59.722198486328125
2022-05-17,3,100,44,59.09090042114258
2022-05-18,5,60,44,65.90910339355469
2022-05-19,1,100,41,73.17070007324219
2022-05-20,3,33.333301544189,79,63.291099548339844
2022-05-21,10,70,274,60.94889831542969
2022-05-22,10,60,289,68.51210021972656
2022-05-23,5,60,52,67.30770111083984
2022-05-24,1,100,28,50
2022-05-25,4,75,67,59.701499938964844
2022-05-26,0,0,37,64.86489868164062
2022-05-27,2,100,59,64.40679931640625
2022-05-28,1,100,136,69.85289764404297
2022-05-29,5,80,164,65.243896484375
2022-05-30,2,50,26,76.92310333251953
2022-06-01,0,0,17,47.058799743652344
2022-06-02,2,100,33,57.575801849365234
2022-06-03,2,50,34,55.88240051269531
2022-06-04,3,66.666702270508,75,70.66670227050781
2022-06-05,4,100,82,64.63410186767578
2022-06-06,1,100,36,58.33330154418945
2022-06-07,1,0,26,65.38459777832031
2022-06-08,3,100,27,59.259300231933594
2022-06-09,0,0,26,57.692298889160156
2022-06-10,2,100,30,83.33329772949219
2022-06-11,3,66.666702270508,76,71.05259704589844
2022-06-12,2,50,73,60.27399826049805
2022-06-13,1,100,17,52.941200256347656
2022-06-14,2,100,25,76
2022-06-15,1,0,28,71.42859649658203
2022-06-16,2,100,41,65.85369873046875
2022-06-17,2,100,34,58.82350158691406
2022-06-18,6,66.666702270508,108,68.51850128173828
2022-06-19,4,50,89,66.29209899902344
2022-06-20,2,50,25,84
2022-06-21,1,100,22,81.81819915771484
2022-06-22,3,33.333301544189,39,66.66670227050781
2022-06-24,4,25,26,65.38459777832031
2022-06-25,2,0,76,60.52629852294922
2022-06-26,2,50,123,56.097599029541016
2022-06-27,0,0,33,75.75759887695312
2022-06-28,0,0,13,69.23079681396484
2022-06-29,0,0,29,72.41380310058594
2022-06-30,0,0,17,41.17649841308594
2022-07-01,0,0,36,69.44439697265625
2022-07-02,1,0,110,62.727298736572266
2022-07-03,2,100,112,64.28569793701172
2022-07-04,1,100,35,68.57140350341797
2022-07-05,0,0,33,60.60609817504883
2022-07-06,0,0,45,51.11109924316406
2022-07-07,0,0,46,69.56520080566406
2022-07-08,1,100,30,60
2022-07-09,2,100,96,72.91670227050781
2022-07-10,1,0,116,69.82759857177734
2022-07-11,0,0,38,68.42109680175781
2022-07-12,1,100,32,62.5
2022-07-13,2,100,17,58.82350158691406
2022-07-14,4,75,48,60.41669845581055
2022-07-15,0,0,57,80.70179748535156
2022-07-16,1,0,151,67.54969787597656
2022-07-17,0,0,151,66.2251968383789
2022-07-18,0,0,27,59.259300231933594
2022-07-19,0,0,39,61.53850173950195
2022-07-20,1,100,31,67.74189758300781
2022-07-21,0,0,61,57.37699890136719
2022-07-22,0,0,59,72.88140106201172
2022-07-23,0,0,162,64.19750213623047
2022-07-24,4,100,176,72.72730255126953
2022-07-25,0,0,47,65.9573974609375
2022-07-26,0,0,41,70.73169708251953
2022-07-27,0,0,47,59.574501037597656
2022-07-28,8,62.5,64,68.75
2022-07-29,0,0,56,66.07140350341797
2022-07-30,4,50,260,68.46150207519531
2022-07-31,7,71.428596496582,215,65.5813980102539
2022-08-01,1,100,58,58.62070083618164
2022-08-02,1,0,38,60.52629852294922
2022-08-03,0,0,37,70.27030181884766
2022-08-04,8,62.5,66,62.12120056152344
2022-08-05,5,100,99,72.72730255126953
2022-08-06,8,87.5,350,60.5713996887207
2022-08-07,6,100,263,69.20149993896484
2022-08-09,3,66.666702270508,48,68.75
2022-08-10,1,100,66,57.575801849365234
2022-08-11,2,50,56,66.07140350341797
2022-08-12,5,100,111,65.76580047607422
2022-08-13,18,77.777801513672,400,65.25
2022-08-14,6,83.333297729492,290,67.58619689941406
2022-08-15,5,100,82,65.85369873046875
2022-08-16,2,100,102,73.52940368652344
2022-08-17,3,66.666702270508,68,70.58820343017578
2022-08-18,3,100,64,62.5
2022-08-19,3,66.666702270508,114,66.66670227050781
2022-08-20,11,54.545501708984,412,63.592201232910156
2022-08-21,11,81.818199157715,295,66.4406967163086
2022-08-22,7,42.85710144043,72,69.44439697265625
2022-08-23,3,66.666702270508,58,60.34479904174805
2022-08-24,2,50,52,63.46149826049805
2022-08-25,2,50,50,72
2022-08-26,3,66.666702270508,141,73.75890350341797
2022-08-27,22,54.545501708984,448,61.83039855957031
2022-08-28,5,60,302,68.21189880371094
2022-08-29,2,50,108,62.9630012512207
2022-08-30,5,40,74,63.51350021362305
2022-08-31,4,75,117,71.7948989868164
2022-09-01,2,50,61,62.295101165771484
2022-09-02,1,0,117,67.52140045166016
2022-09-03,10,60,437,66.59040069580078
2022-09-04,8,25,349,63.037200927734375
2022-09-05,0,0,97,65.97940063476562
2022-09-06,3,100,48,66.66670227050781
2022-09-07,1,0,50,58
2022-09-08,5,40,61,60.65570068359375
2022-09-09,5,80,124,70.96769714355469
2022-09-10,6,100,362,68.78450012207031
2022-09-11,5,80,346,64.45089721679688
2022-09-12,2,100,70,65.71430206298828
2022-09-13,4,75,128,76.5625
2022-09-14,4,100,117,72.64959716796875
2022-09-15,3,100,73,61.643798828125
2022-09-16,2,100,108,76.85189819335938
2022-09-17,6,16.666700363159,399,67.16790008544922
2022-09-18,10,70,380,73.15789794921875
2022-09-19,0,0,39,64.10260009765625
2022-09-20,3,100,32,59.375
2022-09-21,0,0,19,78.94740295410156
2022-09-22,2,0,26,76.92310333251953
2022-09-23,0,0,59,57.62710189819336
2022-09-24,7,57.14289855957,211,69.66819763183594
2022-09-25,1,0,138,67.39129638671875
2022-09-26,2,50,32,68.75
2022-09-27,1,100,37,67.56759643554688
2022-09-28,1,100,35,68.57140350341797
2022-09-29,0,0,29,75.86209869384766
2022-09-30,6,66.666702270508,127,76.37799835205078
2022-10-01,5,40,483,65.42440032958984
2022-10-02,4,75,332,66.56629943847656
2022-10-03,1,0,78,67.94869995117188
2022-10-04,1,100,84,61.90480041503906
2022-10-05,0,0,85,76.47059631347656
2022-10-06,4,100,65,69.23079681396484
2022-10-07,1,100,137,66.42340087890625
2022-10-08,4,75,418,68.6603012084961
2022-10-09,7,85.714302062988,369,67.75070190429688
2022-10-10,1,100,79,74.68350219726562
2022-10-11,1,0,57,64.91230010986328
2022-10-12,1,100,54,74.0740966796875
2022-10-13,2,50,64,65.625
2022-10-14,5,80,130,76.92310333251953
2022-10-15,6,66.666702270508,279,68.45880126953125
2022-10-16,12,91.666702270508,213,76.52580261230469
2022-10-17,3,33.333301544189,46,67.39129638671875
2022-10-18,1,100,29,65.51719665527344
2022-10-19,0,0,85,64.70590209960938
2022-10-20,0,0,45,77.77780151367188
2022-10-21,2,100,95,64.21050262451172
2022-10-22,10,100,403,68.98259735107422
2022-10-23,6,16.666700363159,332,68.97589874267578
2022-10-24,0,0,94,73.404296875
2022-10-25,1,0,95,71.57890319824219
2022-10-26,0,0,36,80.55560302734375
2022-10-27,1,100,51,72.54900360107422
2022-10-28,5,100,104,76.92310333251953
2022-10-29,14,64.285697937012,387,69.50900268554688
2022-10-30,17,82.352897644043,304,68.75
2022-10-31,3,33.333301544189,49,71.42859649658203
2022-11-01,0,0,56,69.64289855957031
2022-11-02,2,100,44,70.45449829101562
2022-11-03,8,50,60,71.66670227050781
2022-11-04,3,66.666702270508,102,72.54900360107422
2022-11-05,13,92.30770111084,357,68.62750244140625
2022-11-06,7,71.428596496582,279,73.47669982910156
2022-11-07,3,33.333301544189,41,75.60980224609375
2022-11-08,2,50,92,58.69559860229492
2022-11-09,2,50,81,77.77780151367188
2022-11-10,0,0,30,70
2022-11-11,0,0,69,75.36229705810547
2022-11-12,10,70,345,67.53620147705078
2022-11-13,11,90.909103393555,221,75.11309814453125
2022-11-14,0,0,30,63.33330154418945
2022-11-15,1,100,14,57.14289855957031
2022-11-17,0,0,11,72.72730255126953
2022-11-18,1,100,24,54.16669845581055
2022-11-19,4,50,164,64.02439880371094
2022-11-20,2,100,87,74.71260070800781
2022-11-21,0,0,18,83.33329772949219
2022-11-22,3,66.666702270508,22,68.18180084228516
2022-11-23,2,50,23,60.869598388671875
2022-11-25,2,50,25,60
2022-11-26,1,0,125,61.599998474121094
2022-11-27,1,100,73,65.75340270996094
2022-11-28,1,100,20,70
2022-11-29,0,0,24,70.83329772949219
2022-12-01,3,100,16,50
2022-12-02,1,100,40,67.5
2022-12-03,8,75,155,74.193603515625
2022-12-04,4,75,76,71.05259704589844
2022-12-05,1,100,14,71.42859649658203
2022-12-06,1,100,14,85.71430206298828
2022-12-07,1,0,30,66.66670227050781
2022-12-08,1,100,29,75.86209869384766
2022-12-09,0,0,20,65
2022-12-10,2,50,104,65.38459777832031
2022-12-11,3,100,89,67.41570281982422
2022-12-12,1,0,23,69.56520080566406
2022-12-13,0,0,13,38.46149826049805
2022-12-15,0,0,24,66.66670227050781
2022-12-16,1,100,36,77.77780151367188
2022-12-17,0,0,77,75.32469940185547
2022-12-18,7,71.428596496582,48,72.91670227050781
2022-12-19,1,100,28,60.714298248291016
2022-12-20,0,0,26,57.692298889160156
2022-12-21,0,0,26,80.76920318603516
2022-12-22,0,0,26,76.92310333251953
2022-12-23,2,100,43,69.76740264892578
2022-12-24,1,100,39,71.7948989868164
2022-12-25,2,50,19,73.68419647216797
2022-12-26,7,71.428596496582,127,74.01570129394531
2022-12-27,1,100,24,79.16670227050781
2022-12-29,3,33.333301544189,48,79.16670227050781
2022-12-30,3,66.666702270508,45,80
2023-01-01,3,0,59,61.01689910888672
2023-01-02,0,0,68,64.70590209960938
2023-01-03,2,100,28,78.57140350341797
2023-01-04,1,100,36,69.44439697265625
2023-01-05,1,100,19,68.42109680175781
2023-01-06,0,0,33,66.66670227050781
2023-01-07,6,83.333297729492,139,68.34529876708984
2023-01-08,7,57.14289855957,75,56
2023-01-09,0,0,17,70.58820343017578
2023-01-10,3,66.666702270508,28,75
2023-01-11,0,0,24,75
2023-01-12,0,0,16,81.25
2023-01-13,1,100,44,70.45449829101562
2023-01-14,8,87.5,203,65.51719665527344
2023-01-15,7,85.714302062988,119,70.58820343017578
2023-01-16,0,0,21,66.66670227050781
2023-01-18,1,100,31,74.193603515625
2023-01-19,0,0,30,70
2023-01-20,0,0,46,63.04349899291992
2023-01-21,10,80,184,75.54350280761719
2023-01-22,5,20,140,69.28569793701172
2023-01-23,1,0,39,69.23079681396484
2023-01-24,4,100,60,66.66670227050781
2023-01-25,2,50,61,67.21309661865234
2023-01-26,2,100,26,69.23079681396484
2023-01-27,4,50,60,70
2023-01-28,16,62.5,267,68.91390228271484
2023-01-29,12,75,217,72.3501968383789
2023-01-30,4,100,47,76.595703125
2023-02-01,5,60,64,65.625
2023-02-02,0,0,33,72.72730255126953
2023-02-03,2,0,73,63.01369857788086
2023-02-04,16,50,337,70.32640075683594
2023-02-05,16,93.75,205,67.31710052490234
2023-02-06,3,66.666702270508,42,57.14289855957031
2023-02-07,1,100,43,69.76740264892578
2023-02-08,0,0,62,56.45159912109375
2023-02-09,0,0,28,57.14289855957031
2023-02-10,0,0,82,67.07319641113281
2023-02-11,4,100,332,70.48190307617188
2023-02-12,6,66.666702270508,214,66.82240295410156
2023-02-22,0,0,27,62.9630012512207
2023-02-23,1,100,39,64.10260009765625
2023-02-24,1,100,94,68.08509826660156
2023-02-25,7,85.714302062988,387,62.53229904174805
2023-02-26,8,75,270,70
2023-02-27,2,0,53,75.4717025756836
2023-02-28,1,100,78,69.23079681396484
2023-03-01,1,100,38,78.94740295410156
2023-03-02,2,50,19,78.94740295410156
2023-03-03,5,20,98,58.163299560546875
2023-03-04,20,80,403,65.75679779052734
2023-03-05,13,69.230796813965,356,66.01119995117188
2023-03-06,2,100,68,63.23529815673828
2023-03-07,3,66.666702270508,83,77.1083984375
2023-03-08,2,100,44,68.18180084228516
2023-03-09,0,0,41,82.92680358886719
2023-03-10,2,50,101,56.43560028076172
2023-03-11,27,66.666702270508,361,66.75900268554688
2023-03-12,12,75,340,70.29409790039062
2023-03-13,4,50,60,65
2023-03-14,5,80,70,67.14289855957031
2023-03-15,7,85.714302062988,66,71.21209716796875
2023-03-16,5,80,26,65.38459777832031
2023-03-17,4,100,102,70.58820343017578
2023-03-18,16,81.25,419,69.45110321044922
2023-03-19,11,36.36360168457,320,63.4375
2023-03-20,0,0,33,66.66670227050781
2023-03-21,0,0,40,62.5
2023-03-22,0,0,13,84.61540222167969
2023-03-23,3,66.666702270508,15,66.66670227050781
2023-03-24,6,100,47,72.34040069580078
2023-03-25,9,66.666702270508,254,72.04720306396484
2023-03-26,7,42.85710144043,123,68.2927017211914
2023-03-27,4,75,35,77.14289855957031
2023-03-28,5,60,47,65.9573974609375
2023-03-29,1,100,43,58.13949966430664
2023-03-30,0,0,28,67.85710144042969
2023-04-01,12,66.666702270508,403,68.48639678955078
2023-04-02,13,69.230796813965,396,67.67680358886719
2023-04-03,3,66.666702270508,81,69.13580322265625
2023-04-04,1,100,61,77.04920196533203
2023-04-05,1,0,98,65.30609893798828
2023-04-06,4,75,140,65.71430206298828
2023-04-07,8,75,233,63.0900993347168
2023-04-08,21,80.95240020752,416,70.19229888916016
2023-04-09,10,90,280,65
2023-04-10,7,57.14289855957,235,65.53189849853516
2023-04-11,2,100,71,66.19719696044922
2023-04-12,1,0,95,57.89469909667969
2023-04-13,2,50,55,63.63639831542969
2023-04-14,6,50,146,57.53419876098633
2023-04-15,21,57.14289855957,525,66.66670227050781
2023-04-16,20,55,482,64.31539916992188
2023-04-17,4,75,78,71.7948989868164
2023-04-18,6,66.666702270508,108,73.14810180664062
2023-04-19,5,80,107,70.09349822998047
2023-04-20,4,75,41,68.2927017211914
2023-04-21,6,83.333297729492,139,69.7842025756836
2023-04-22,14,64.285697937012,496,63.50809860229492
2023-04-23,24,62.5,486,69.54730224609375
2023-04-24,6,83.333297729492,86,75.5813980102539
2023-04-25,4,75,84,67.85710144042969
2023-04-26,2,50,81,66.66670227050781
2023-04-27,0,0,39,84.61540222167969
2023-04-28,9,55.555599212646,121,66.1156997680664
2023-04-29,8,100,395,71.13919830322266
2023-04-30,11,90.909103393555,382,70.15709686279297
2023-05-01,2,100,83,72.28919982910156
2023-05-02,1,100,56,69.64289855957031
2023-05-03,8,75,128,71.09380340576172
2023-05-04,2,100,72,62.5
2023-05-05,5,100,131,73.28240203857422
2023-05-06,12,66.666702270508,307,65.14659881591797
2023-05-07,19,78.947402954102,387,64.08270263671875
2023-05-08,2,100,94,63.82979965209961
2023-05-09,4,75,46,71.73909759521484
2023-05-10,2,100,37,78.37840270996094
2023-05-11,1,100,27,66.66670227050781
2023-05-12,9,33.333301544189,164,58.536598205566406
2023-05-13,22,95.454498291016,385,70.64939880371094
2023-05-14,17,64.705902099609,292,67.12329864501953
2023-05-15,7,57.14289855957,90,63.33330154418945
2023-05-16,3,33.333301544189,77,64.93509674072266
2023-05-17,1,100,77,66.23380279541016
2023-05-18,2,50,70,64.28569793701172
2023-05-19,10,80,181,64.64089965820312
2023-05-20,20,70,347,62.82419967651367
2023-05-21,21,61.904800415039,356,67.69660186767578
2023-05-22,1,100,76,72.36840057373047
2023-05-23,4,50,81,61.72840118408203
2023-05-24,3,66.666702270508,64,67.1875
2023-05-25,0,0,53,69.8113021850586
2023-05-26,2,50,121,76.8594970703125
2023-05-27,18,66.666702270508,309,71.8447036743164
2023-05-28,14,78.571403503418,293,61.43339920043945
2023-05-29,8,62.5,114,76.31580352783203
2023-05-30,4,75,37,70.27030181884766
2023-06-01,4,100,42,61.90480041503906
2023-06-02,7,57.14289855957,84,67.85710144042969
2023-06-03,4,50,221,70.13569641113281
2023-06-04,10,80,255,67.84310150146484
2023-06-05,5,60,53,60.37739944458008
2023-06-06,2,100,52,73.07689666748047
2023-06-07,1,100,54,81.48149871826172
2023-06-08,2,100,43,67.44190216064453
2023-06-09,7,57.14289855957,66,69.6969985961914
2023-06-10,5,60,124,73.38710021972656
2023-06-11,6,66.666702270508,173,72.8323974609375
2023-06-12,2,100,21,57.14289855957031
2023-06-13,1,100,18,61.11109924316406
2023-06-14,0,0,15,53.33330154418945
2023-06-15,0,0,15,73.33329772949219
2023-06-16,0,0,25,80
2023-06-17,0,0,108,64.8147964477539
2023-06-18,2,50,87,72.41380310058594
2023-06-19,1,100,37,70.27030181884766
2023-06-20,0,0,24,62.5
2023-06-22,0,0,42,76.19049835205078
2023-06-23,4,100,49,63.26530075073242
2023-06-24,1,0,114,70.17539978027344
2023-06-25,4,75,125,70.4000015258789
2023-06-26,1,0,21,76.19049835205078
2023-06-27,1,0,17,70.58820343017578
2023-06-28,4,0,46,54.347801208496094
2023-06-29,2,100,23,78.26090240478516
2023-06-30,2,100,32,68.75
2023-07-01,9,77.777801513672,120,69.16670227050781
2023-07-02,6,66.666702270508,148,62.837799072265625
2023-07-03,1,0,32,68.75
2023-07-04,0,0,25,76
2023-07-05,0,0,30,63.33330154418945
2023-07-06,3,100,17,76.47059631347656
2023-07-07,2,50,55,61.818199157714844
2023-07-08,3,100,131,73.28240203857422
2023-07-09,5,60,127,64.56690216064453
2023-07-10,2,50,38,63.157901763916016
2023-07-11,2,50,23,52.17390060424805
2023-07-12,1,0,34,73.52940368652344
2023-07-13,2,50,46,58.69559860229492
2023-07-14,0,0,39,58.97439956665039
2023-07-15,10,70,127,66.1417007446289
2023-07-16,5,80,142,69.71829986572266
2023-07-17,2,0,33,60.60609817504883
2023-07-18,1,100,32,65.625
2023-07-19,0,0,21,76.19049835205078
2023-07-20,3,100,34,64.70590209960938
2023-07-21,0,0,51,76.47059631347656
2023-07-22,3,66.666702270508,155,62.58060073852539
2023-07-23,8,87.5,168,66.66670227050781
2023-07-24,1,0,34,64.70590209960938
2023-07-25,1,100,29,68.96549987792969
2023-07-26,1,100,22,59.09090042114258
2023-07-27,6,66.666702270508,58,74.13790130615234
2023-07-28,0,0,83,61.44580078125
2023-07-29,1,0,210,67.61900329589844
2023-07-30,5,100,202,73.26730346679688
2023-07-31,4,100,44,75
2023-08-01,3,66.666702270508,22,68.18180084228516
2023-08-02,4,25,46,63.04349899291992
2023-08-03,12,66.666702270508,67,74.62689971923828
2023-08-04,3,100,86,70.9301986694336
2023-08-05,6,83.333297729492,305,63.93439865112305
2023-08-06,15,73.333297729492,243,67.90119934082031
2023-08-07,3,66.666702270508,56,66.07140350341797
2023-08-08,5,80,57,52.63159942626953
2023-08-09,5,100,39,74.35900115966797
2023-08-10,9,88.888900756836,46,67.39129638671875
2023-08-11,1,100,97,61.8557014465332
2023-08-12,6,83.333297729492,345,62.89860153198242
2023-08-13,10,90,268,70.14929962158203
2023-08-14,2,100,54,72.22219848632812
2023-08-15,4,100,110,68.18180084228516
2023-08-16,0,0,51,76.47059631347656
2023-08-17,6,100,51,72.54900360107422
2023-08-18,1,0,124,66.12899780273438
2023-08-19,4,0,393,69.72010040283203
2023-08-20,8,62.5,265,65.660400390625
2023-08-21,2,100,80,66.25
2023-08-22,0,0,37,83.78379821777344
2023-08-23,0,0,48,75
2023-08-25,2,100,130,67.69229888916016
2023-08-26,3,33.333301544189,395,67.84809875488281
2023-08-27,10,30,309,62.45949935913086
2023-08-28,2,50,111,68.46849822998047
2023-08-29,1,0,48,66.66670227050781
2023-08-30,2,100,38,65.78949737548828
2023-08-31,7,85.714302062988,68,70.58820343017578
2023-09-01,2,0,97,59.793800354003906
2023-09-02,10,70,362,68.78450012207031
2023-09-03,7,71.428596496582,294,70.74829864501953
2023-09-04,0,0,41,73.17070007324219
2023-09-05,0,0,31,58.06449890136719
2023-09-06,0,0,19,89.47370147705078
2023-09-07,1,100,17,47.058799743652344
2023-09-08,6,66.666702270508,40,57.5
2023-09-09,7,57.14289855957,162,71.60489654541016
2023-09-10,2,100,100,69
2023-09-11,1,100,20,55
2023-09-12,2,100,16,56.25
2023-09-13,1,100,18,61.11109924316406
2023-09-14,1,0,25,68
2023-09-15,6,83.333297729492,123,69.918701171875
2023-09-16,20,60,361,67.58999633789062
2023-09-17,10,70,252,65.4761962890625
2023-09-18,2,50,56,64.28569793701172
2023-09-19,6,100,60,73.33329772949219
2023-09-20,4,75,60,70
2023-09-21,12,75,85,68.23529815673828
2023-09-22,6,66.666702270508,142,70.42250061035156
2023-09-23,14,78.571403503418,403,64.76429748535156
2023-09-24,13,92.30770111084,273,71.06230163574219
2023-09-25,4,50,55,67.27269744873047
2023-09-26,2,50,50,74
2023-09-27,11,54.545501708984,83,65.0602035522461
2023-09-28,2,100,57,66.66670227050781
2023-09-29,7,42.85710144043,117,63.24789810180664
2023-09-30,18,61.111099243164,394,64.97460174560547
2023-10-02,2,100,66,66.66670227050781
2023-10-03,3,66.666702270508,77,61.03900146484375
2023-10-04,4,100,49,71.42859649658203
2023-10-05,13,61.538501739502,75,64
2023-10-06,4,75,123,69.918701171875
2023-10-07,12,83.333297729492,420,64.04759979248047
2023-10-08,20,65,306,63.72549819946289
2023-10-09,2,0,51,76.47059631347656
2023-10-10,0,0,17,52.941200256347656
2023-10-11,0,0,14,71.42859649658203
2023-10-12,4,100,19,52.63159942626953
2023-10-13,2,100,40,62.5
2023-10-14,2,100,188,65.42549896240234
2023-10-15,8,62.5,109,67.88990020751953
2023-10-16,1,100,35,71.42859649658203
2023-10-17,2,50,20,50
2023-10-18,2,100,52,80.76920318603516
2023-10-19,1,100,33,57.575801849365234
2023-10-20,3,100,127,65.35430145263672
2023-10-21,22,72.72730255127,443,67.04290008544922
2023-10-22,13,92.30770111084,343,69.9708023071289
2023-10-23,1,100,60,53.33330154418945
2023-10-24,4,75,121,68.59500122070312
2023-10-25,4,75,50,70
2023-10-26,6,66.666702270508,67,71.64179992675781
2023-10-27,2,100,139,73.38130187988281
2023-10-28,19,68.421096801758,486,72.0165023803711
2023-10-29,26,76.92310333252,326,66.87120056152344
2023-10-30,5,100,55,80
2023-10-31,0,0,34,70.58820343017578
2023-11-01,4,100,51,72.54900360107422
2023-11-02,2,100,37,72.9729995727539
2023-11-03,3,33.333301544189,117,67.52140045166016
2023-11-04,14,92.85710144043,407,63.88209915161133
2023-11-05,16,43.75,332,69.277099609375
2023-11-06,1,100,68,79.41179656982422
2023-11-07,1,100,59,64.40679931640625
2023-11-08,1,100,66,71.21209716796875
2023-11-09,5,80,83,73.49400329589844
2023-11-10,2,100,114,57.01750183105469
2023-11-11,11,90.909103393555,454,62.55509948730469
2023-11-12,15,60,327,69.11309814453125
2023-11-13,0,0,33,57.575801849365234
2023-11-14,0,0,36,69.44439697265625
2023-11-15,0,0,23,60.869598388671875
2023-11-16,3,66.666702270508,19,68.42109680175781
2023-11-17,4,75,49,67.3469009399414
2023-11-18,3,66.666702270508,161,70.1863021850586
2023-11-19,2,100,94,67.02130126953125
2023-11-20,2,50,25,68
2023-11-21,2,50,60,68.33329772949219
2023-11-22,0,0,19,68.42109680175781
2023-11-23,0,0,48,72.91670227050781
2023-11-24,4,75,113,67.25659942626953
2023-11-25,24,75,398,68.3416976928711
2023-11-26,10,80,286,68.881103515625
2023-11-27,2,100,50,70
2023-11-28,2,100,86,61.627899169921875
2023-11-29,2,50,64,67.1875
2023-11-30,6,83.333297729492,62,72.58070373535156
2023-12-02,9,66.666702270508,299,72.90969848632812
2023-12-03,17,88.235298156738,281,66.5479965209961
2023-12-04,2,100,49,71.42859649658203
2023-12-05,1,100,48,75
2023-12-06,6,83.333297729492,60,75
2023-12-07,4,100,47,72.34040069580078
2023-12-08,7,42.85710144043,112,66.96430206298828
2023-12-09,13,61.538501739502,258,71.70539855957031
2023-12-10,11,63.63639831543,219,63.92689895629883
2023-12-11,2,100,43,79.0698013305664
2023-12-12,1,0,38,68.42109680175781
2023-12-13,5,80,47,61.70209884643555
2023-12-14,4,100,51,66.66670227050781
2023-12-15,6,100,87,67.81610107421875
2023-12-16,20,55,311,65.91639709472656
2023-12-17,12,66.666702270508,170,68.23529815673828
2023-12-18,7,42.85710144043,34,58.82350158691406
2023-12-19,3,66.666702270508,67,71.64179992675781
2023-12-20,4,75,90,70
2023-12-21,5,80,50,62
2023-12-22,8,75,71,76.0562973022461
2023-12-23,11,81.818199157715,164,69.51219940185547
2023-12-24,2,100,54,77.77780151367188
2023-12-25,0,0,16,62.5
2023-12-26,9,66.666702270508,149,70.46980285644531
2023-12-27,2,100,34,70.58820343017578
2023-12-28,1,0,21,47.61899948120117
2023-12-29,3,66.666702270508,71,63.38029861450195
2023-12-30,7,85.714302062988,123,68.2927017211914
2023-12-31,1,100,22,72.72730255126953
2024-01-01,3,66.666702270508,84,71.42859649658203
2024-01-02,3,100,29,65.51719665527344
2024-01-03,6,66.666702270508,44,54.545501708984375
2024-01-04,0,0,18,61.11109924316406
2024-01-05,1,0,34,61.76470184326172
2024-01-06,6,66.666702270508,145,64.82759857177734
2024-01-07,5,80,102,71.568603515625
2024-01-08,2,50,19,52.63159942626953
2024-01-09,2,50,28,78.57140350341797
2024-01-10,1,100,21,61.90480041503906
2024-01-12,1,0,55,65.45449829101562
2024-01-13,10,90,236,66.52539825439453
2024-01-14,9,88.888900756836,130,66.92310333251953
2024-01-15,3,100,25,80
2024-01-16,2,100,32,56.25
2024-01-17,0,0,34,82.35289764404297
2024-01-18,2,100,18,66.66670227050781
2024-01-19,4,25,47,63.82979965209961
2024-01-20,9,44.444400787354,230,69.13040161132812
2024-01-21,11,72.72730255127,191,65.44499969482422
2024-01-22,0,0,38,71.05259704589844
2024-01-23,0,0,78,69.23079681396484
2024-01-24,3,100,69,68.11589813232422
2024-01-25,3,33.333301544189,25,60
2024-01-26,3,66.666702270508,56,60.714298248291016
2024-01-27,21,66.666702270508,304,68.42109680175781
2024-01-28,8,100,226,69.02660369873047
2024-01-29,3,66.666702270508,39,66.66670227050781
2024-01-30,4,100,57,75.4385986328125
2024-01-31,6,100,78,57.692298889160156
2024-02-01,1,100,45,73.33329772949219
2024-02-02,2,100,88,67.04550170898438
2024-02-03,11,81.818199157715,335,67.46269989013672
2024-02-04,4,75,242,70.2479019165039
2024-02-05,2,100,52,67.30770111083984
2024-02-06,3,33.333301544189,60,68.33329772949219
2024-02-07,4,100,73,64.38359832763672
2024-02-08,0,0,37,70.27030181884766
2024-02-09,4,75,77,63.63639831542969
2024-02-10,10,80,340,64.11759948730469
2024-02-11,7,85.714302062988,269,69.5167007446289
2024-02-12,1,100,46,65.21739959716797
2024-02-13,5,100,91,72.52749633789062
2024-02-14,5,80,75,73.33329772949219
2024-02-15,5,60,63,46.031700134277344
2024-02-16,2,100,124,67.74189758300781
2024-02-17,13,84.61540222168,418,63.157901763916016
2024-02-18,13,84.61540222168,336,67.85710144042969
2024-02-19,2,50,58,63.79309844970703
2024-02-20,1,0,87,60.919498443603516
2024-02-21,1,0,60,65
2024-02-22,3,66.666702270508,61,62.295101165771484
2024-02-23,3,66.666702270508,137,67.8832015991211
2024-02-24,16,75,466,68.88410186767578
2024-02-25,25,64,360,64.72219848632812
2024-02-26,5,60,68,67.64710235595703
2024-02-27,1,100,106,66.9811019897461
2024-02-28,6,83.333297729492,78,70.51280212402344
2024-02-29,1,0,37,78.37840270996094
2024-03-01,3,100,140,72.14289855957031
2024-03-02,19,52.63159942627,535,65.42060089111328
2024-03-03,10,70,379,64.37999725341797
2024-03-04,3,66.666702270508,93,62.3656005859375
2024-03-05,2,50,86,69.76740264892578
2024-03-06,2,0,83,75.90360260009766
2024-03-07,5,40,44,68.18180084228516
2024-03-08,6,100,182,74.17579650878906
2024-03-09,13,61.538501739502,539,65.12059783935547
2024-03-10,13,76.92310333252,399,66.16539764404297
2024-03-11,1,100,74,70.27030181884766
2024-03-12,3,100,86,69.76740264892578
2024-03-13,0,0,76,71.05259704589844
2024-03-14,3,66.666702270508,53,67.92449951171875
2024-03-15,2,100,156,64.74359893798828
2024-03-16,14,71.428596496582,532,66.35340118408203
2024-03-17,16,81.25,368,66.57610321044922
2024-03-18,1,0,38,68.42109680175781
2024-03-19,0,0,36,86.11109924316406
2024-03-20,1,100,41,70.73169708251953
2024-03-21,3,100,31,67.74189758300781
2024-03-22,0,0,43,69.76740264892578
2024-03-23,4,75,285,64.21050262451172
2024-03-24,4,50,172,63.95349884033203
2024-03-25,2,100,33,69.6969985961914
2024-03-26,2,50,43,69.76740264892578
2024-03-27,1,100,52,76.92310333251953
2024-03-28,0,0,66,60.60609817504883
2024-03-29,10,60,207,70.53140258789062
2024-03-30,14,85.714302062988,430,65.81390380859375
2024-03-31,9,77.777801513672,240,65
2024-04-01,4,100,222,69.8198013305664
2024-04-02,6,83.333297729492,71,81.69010162353516
2024-04-03,6,66.666702270508,129,70.5426025390625
2024-04-04,5,80,65,72.30770111083984
2024-04-05,8,87.5,152,71.71050262451172
2024-04-06,10,70,482,66.80500030517578
2024-04-07,14,78.571403503418,433,69.0531005859375
2024-04-08,1,0,77,63.63639831542969
2024-04-09,2,0,74,66.21620178222656
2024-04-10,2,100,67,67.16419982910156
2024-04-11,1,0,40,60
2024-04-12,4,50,129,62.015499114990234
2024-04-13,22,72.72730255127,489,67.07569885253906
2024-04-14,9,77.777801513672,390,66.4103012084961
2024-04-15,6,100,97,69.07219696044922
2024-04-16,3,33.333301544189,85,65.88240051269531
2024-04-17,3,100,84,59.523799896240234
2024-04-18,3,100,63,73.01589965820312
2024-04-19,9,55.555599212646,164,65.243896484375
2024-04-20,13,100,498,69.67870330810547
2024-04-21,12,91.666702270508,393,67.17559814453125
2024-04-22,1,100,73,64.38359832763672
2024-04-23,2,50,74,71.62159729003906
2024-04-24,3,66.666702270508,84,70.23809814453125
2024-04-25,0,0,48,68.75
2024-04-26,2,100,147,61.90480041503906
2024-04-27,12,83.333297729492,410,70.48780059814453
2024-04-28,10,100,425,66.58820343017578
2024-04-29,6,33.333301544189,84,60.714298248291016
2024-04-30,0,0,42,71.42859649658203
2024-05-01,2,50,87,71.26439666748047
2024-05-02,3,66.666702270508,50,64
2024-05-03,4,75,189,72.48680114746094
2024-05-04,12,91.666702270508,410,66.82929992675781
2024-05-05,14,71.428596496582,321,65.73210144042969
2024-05-06,4,100,106,66.0376968383789
2024-05-07,2,100,46,52.17390060424805
2024-05-08,3,66.666702270508,66,66.66670227050781
2024-05-09,1,100,60,71.66670227050781
2024-05-10,6,83.333297729492,155,60
2024-05-11,11,63.63639831543,369,68.5636978149414
2024-05-12,11,72.72730255127,383,64.22979736328125
2024-05-13,4,100,76,65.78949737548828
2024-05-14,2,50,50,64
2024-05-15,2,100,91,74.72530364990234
2024-05-16,5,60,94,78.72339630126953
2024-05-17,3,0,136,69.11759948730469
2024-05-18,7,100,323,65.0155029296875
2024-05-19,12,58.333301544189,341,62.75659942626953
2024-05-20,5,40,95,67.36840057373047
2024-05-21,4,50,76,69.73680114746094
2024-05-22,1,0,53,69.8113021850586
2024-05-23,0,0,46,67.39129638671875
2024-05-24,4,50,92,67.39129638671875
2024-05-25,6,66.666702270508,291,64.94840240478516
2024-05-26,9,88.888900756836,299,65.55180358886719
2024-05-27,0,0,64,71.875
2024-05-28,3,100,55,60
2024-05-29,0,0,30,76.66670227050781
2024-05-30,2,0,42,69.04759979248047
2024-05-31,2,100,69,52.17390060424805
2024-06-01,4,100,168,69.64289855957031
2024-06-02,10,70,210,69.5238037109375
2024-06-03,1,100,36,72.22219848632812
2024-06-04,2,50,15,60
2024-06-05,1,0,25,68
2024-06-06,3,33.333301544189,28,60.714298248291016
2024-06-07,2,100,39,61.53850173950195
2024-06-08,4,25,104,67.30770111083984
2024-06-09,11,72.72730255127,115,66.95649719238281
2024-06-10,0,0,19,73.68419647216797
2024-06-11,1,100,41,80.48780059814453
2024-06-12,0,0,40,62.5
2024-06-13,0,0,41,70.73169708251953
2024-06-14,3,100,48,72.91670227050781
2024-06-15,5,80,136,75.73529815673828
2024-06-16,7,57.14289855957,152,68.42109680175781
2024-06-17,1,0,15,60
2024-06-18,3,100,28,64.28569793701172
2024-06-19,5,60,59,62.71189880371094
2024-06-20,3,0,51,64.70590209960938
2024-06-21,0,0,32,75
2024-06-22,5,80,115,68.6957015991211
2024-06-23,11,81.818199157715,130,66.92310333251953
2024-06-24,2,100,23,65.21739959716797
2024-06-25,2,50,32,59.375
2024-06-26,3,66.666702270508,61,67.21309661865234
2024-06-27,0,0,36,72.22219848632812
2024-06-28,6,66.666702270508,49,65.30609893798828
2024-06-29,5,100,119,64.70590209960938
2024-06-30,7,71.428596496582,131,67.93890380859375
2024-07-01,2,100,25,68
2024-07-02,1,100,19,73.68419647216797
2024-07-03,1,100,43,55.81399917602539
2024-07-04,0,0,53,69.8113021850586
2024-07-05,1,100,39,71.7948989868164
2024-07-06,8,62.5,111,65.76580047607422
2024-07-07,10,70,133,67.66919708251953
2024-07-08,3,66.666702270508,29,68.96549987792969
2024-07-09,1,100,29,65.51719665527344
2024-07-10,2,100,32,71.875
2024-07-11,1,0,45,62.222198486328125
2024-07-12,2,0,43,60.4650993347168
2024-07-13,3,66.666702270508,133,66.16539764404297
2024-07-14,11,54.545501708984,148,60.81079864501953
2024-07-15,2,50,16,62.5
2024-07-16,1,100,21,71.42859649658203
2024-07-17,2,100,29,82.75859832763672
2024-07-18,2,50,67,64.1791000366211
2024-07-19,5,100,61,75.40979766845703
2024-07-20,7,57.14289855957,183,63.93439865112305
2024-07-21,5,80,201,69.1541976928711
2024-07-22,3,100,39,66.66670227050781
2024-07-23,3,100,38,65.78949737548828
2024-07-24,2,100,36,72.22219848632812
2024-07-25,4,50,76,72.36840057373047
2024-07-26,4,100,95,71.57890319824219
2024-07-27,7,57.14289855957,204,73.03919982910156
2024-07-28,8,62.5,188,67.5531997680664
2024-07-29,2,100,36,69.44439697265625
2024-07-30,1,0,34,82.35289764404297
2024-07-31,1,100,54,70.37039947509766
2024-08-01,2,50,66,72.72730255126953
2024-08-02,3,66.666702270508,95,71.57890319824219
2024-08-03,5,60,239,66.10880279541016
2024-08-04,4,100,255,69.01959991455078
2024-08-05,5,80,45,73.33329772949219
2024-08-06,3,66.666702270508,42,69.04759979248047
2024-08-07,0,0,33,72.72730255126953
2024-08-08,3,66.666702270508,57,59.64910125732422
2024-08-09,2,100,149,69.12750244140625
2024-08-10,10,40,353,66.57219696044922
2024-08-11,6,66.666702270508,314,65.92359924316406
2024-08-12,3,66.666702270508,67,64.1791000366211
2024-08-13,1,100,60,71.66670227050781
2024-08-14,0,0,24,62.5
2024-08-15,2,100,56,64.28569793701172
2024-08-16,4,75,131,64.885498046875
2024-08-17,2,50,383,67.88510131835938
2024-08-18,6,50,312,66.66670227050781
2024-08-19,0,0,63,69.84130096435547
2024-08-20,1,100,84,69.04759979248047
2024-08-21,1,100,65,61.53850173950195
2024-08-22,3,100,69,68.11589813232422
2024-08-23,2,50,161,72.6707992553711
2024-08-24,9,66.666702270508,451,62.97119903564453
2024-08-25,8,62.5,395,66.5822982788086
2024-08-26,2,100,151,73.50990295410156
2024-08-27,3,0,51,70.58820343017578
2024-08-28,2,50,42,64.28569793701172
2024-08-29,1,100,67,61.194000244140625
2024-08-30,3,100,154,70.12989807128906
2024-08-31,7,71.428596496582,407,71.00740051269531
2024-09-01,6,66.666702270508,408,66.91179656982422
2024-09-02,0,0,57,59.64910125732422
2024-09-03,0,0,46,71.73909759521484
2024-09-04,0,0,17,64.70590209960938
2024-09-05,5,40,33,63.63639831542969
2024-09-06,3,66.666702270508,52,67.30770111083984
2024-09-07,6,83.333297729492,264,65.15149688720703
2024-09-08,9,77.777801513672,196,69.38780212402344
2024-09-09,0,0,33,90.90910339355469
2024-09-10,3,66.666702270508,62,77.41929626464844
2024-09-11,0,0,48,70.83329772949219
2024-09-12,2,50,35,68.57140350341797
2024-09-13,6,66.666702270508,143,66.43360137939453
2024-09-14,10,50,442,65.61090087890625
2024-09-15,11,45.454498291016,394,63.45180130004883
2024-09-16,6,66.666702270508,100,68
2024-09-17,6,83.333297729492,62,77.41929626464844
2024-09-18,1,100,87,62.069000244140625
2024-09-19,1,100,78,65.38459777832031
2024-09-20,2,100,166,62.65060043334961
2024-09-21,11,45.454498291016,470,63.404300689697266
2024-09-22,11,90.909103393555,402,69.90049743652344
2024-09-23,3,100,98,68.36730194091797
2024-09-24,3,100,93,77.41929626464844
2024-09-25,6,50,95,66.31580352783203
2024-09-26,2,50,62,69.35479736328125
2024-09-27,6,83.333297729492,185,61.62160110473633
2024-09-28,25,68,501,67.06590270996094
2024-09-29,23,69.565200805664,394,70.30460357666016
2024-09-30,3,100,82,57.317100524902344
2024-10-01,4,50,67,62.68659973144531
2024-10-02,5,40,59,54.237300872802734
2024-10-03,7,71.428596496582,79,63.291099548339844
2024-10-04,4,100,122,72.131103515625
2024-10-05,10,70,454,64.0969009399414
2024-10-06,14,57.14289855957,374,70.58820343017578
2024-10-07,0,0,39,76.92310333251953
2024-10-08,0,0,26,50
2024-10-09,1,100,18,66.66670227050781
2024-10-10,3,100,32,62.5
2024-10-11,4,75,72,56.944400787353516
2024-10-12,4,75,200,65
2024-10-13,3,100,151,70.19869995117188
2024-10-14,5,60,37,62.162200927734375
2024-10-15,3,66.666702270508,34,58.82350158691406
2024-10-16,1,100,34,64.70590209960938
2024-10-17,1,100,33,69.6969985961914
2024-10-18,5,60,171,74.26899719238281
2024-10-19,15,73.333297729492,513,68.2260971069336
2024-10-20,13,69.230796813965,324,62.654300689697266
2024-10-21,3,100,76,64.47370147705078
2024-10-22,2,100,129,64.34110260009766
2024-10-23,6,50,101,70.2969970703125
2024-10-24,5,60,72,75
2024-10-25,8,62.5,160,70.625
2024-10-26,14,78.571403503418,498,67.67070007324219
2024-10-27,13,76.92310333252,358,64.52510070800781
2024-10-28,5,80,74,63.51350021362305
2024-10-29,1,0,84,72.61900329589844
2024-10-30,2,100,72,69.44439697265625
2024-10-31,1,0,32,81.25
2024-11-01,3,66.666702270508,147,69.38780212402344
2024-11-02,17,82.352897644043,471,67.72820281982422
2024-11-03,19,68.421096801758,364,69.78019714355469
2024-11-04,3,66.666702270508,78,75.64099884033203
2024-11-05,1,0,62,62.9031982421875
2024-11-06,4,50,57,68.42109680175781
2024-11-07,8,87.5,73,67.12329864501953
2024-11-08,7,71.428596496582,155,62.58060073852539
2024-11-09,14,85.714302062988,504,68.45240020751953
2024-11-10,22,72.72730255127,357,68.06719970703125
2024-11-11,1,100,40,77.5
2024-11-12,0,0,29,62.069000244140625
2024-11-13,2,50,14,64.28569793701172
2024-11-14,4,75,31,67.74189758300781
2024-11-15,4,100,61,63.93439865112305
2024-11-16,7,71.428596496582,201,65.17410278320312
2024-11-17,7,57.14289855957,95,56.842098236083984
2024-11-18,3,66.666702270508,27,66.66670227050781
2024-11-19,4,50,48,54.16669845581055
2024-11-20,3,33.333301544189,51,64.70590209960938
2024-11-21,3,100,31,70.96769714355469
2024-11-22,8,62.5,114,64.03510284423828
2024-11-23,22,68.181800842285,370,63.51350021362305
2024-11-24,9,77.777801513672,265,64.90570068359375
2024-11-25,3,100,58,75.86209869384766
2024-11-26,7,85.714302062988,99,61.6161994934082
2024-11-27,5,80,73,57.53419876098633
2024-11-28,6,83.333297729492,61,67.21309661865234
2024-11-29,3,66.666702270508,105,61.90480041503906
2024-11-30,16,75,375,64.2667007446289
2024-12-01,9,66.666702270508,273,63.73630142211914
2024-12-02,2,100,50,62
2024-12-03,1,100,64,70.3125
2024-12-04,3,100,69,69.56520080566406
2024-12-05,4,50,35,68.57140350341797
2024-12-06,4,75,92,66.30439758300781
2024-12-07,18,66.666702270508,296,71.28379821777344
2024-12-08,13,76.92310333252,245,70.61219787597656
2024-12-09,1,100,61,67.21309661865234
2024-12-10,4,75,51,60.7843017578125
2024-12-11,4,100,42,71.42859649658203
2024-12-12,6,83.333297729492,48,66.66670227050781
2024-12-13,1,100,86,61.627899169921875
2024-12-14,12,58.333301544189,319,65.20379638671875
2024-12-15,15,60,184,68.47830200195312
2024-12-16,3,66.666702270508,32,68.75
2024-12-17,2,100,45,71.11109924316406
2024-12-18,2,100,23,65.21739959716797
2024-12-19,3,33.333301544189,45,57.777801513671875
2024-12-20,2,100,77,67.53250122070312
2024-12-21,10,70,236,70.33899688720703
2024-12-22,8,75,142,70.42250061035156
2024-12-23,3,66.666702270508,30,73.33329772949219
2024-12-26,5,60,158,64.55699920654297
2024-12-27,1,0,22,68.18180084228516
2024-12-28,3,66.666702270508,63,69.84130096435547
2024-12-29,4,75,107,68.22429656982422
2024-12-30,2,0,24,50
2024-12-31,0,0,12,75
2025-01-01,1,100,91,64.83519744873047
2025-01-02,1,100,15,73.33329772949219
2025-01-03,1,100,29,62.069000244140625
2025-01-04,6,100,143,65.03500366210938
2025-01-05,6,66.666702270508,84,63.09519958496094
2025-01-06,1,100,29,79.310302734375
2025-01-07,1,100,23,60.869598388671875
2025-01-08,0,0,23,47.82609939575195
2025-01-09,1,0,11,63.63639831542969
2025-01-10,2,50,65,70.76920318603516
2025-01-11,8,62.5,191,71.2042007446289
2025-01-12,11,54.545501708984,143,63.63639831542969
2025-01-13,3,66.666702270508,26,61.53850173950195
2025-01-14,2,50,42,76.19049835205078
2025-01-15,4,75,58,74.13790130615234
2025-01-16,2,100,28,71.42859649658203
2025-01-17,3,33.333301544189,87,55.172401428222656
2025-01-18,10,70,295,66.10169982910156
2025-01-19,8,87.5,214,66.3551025390625
2025-01-20,2,50,46,63.04349899291992
2025-01-21,3,100,70,70
2025-01-22,6,33.333301544189,81,65.43209838867188
2025-01-23,4,25,58,50
2025-01-24,2,50,96,71.875
2025-01-25,13,53.846199035645,345,64.92749786376953
2025-01-26,8,75,246,63.00809860229492
2025-01-27,0,0,48,70.83329772949219
2025-01-28,0,0,79,68.35440063476562
2025-01-29,7,100,117,66.66670227050781
2025-01-30,5,100,79,74.68350219726562
2025-01-31,2,100,114,70.17539978027344
2025-02-01,13,61.538501739502,381,66.1417007446289
2025-02-02,10,80,246,67.88619995117188
2025-02-03,3,33.333301544189,55,69.09089660644531
2025-02-04,1,100,71,63.38029861450195
2025-02-05,4,100,70,75.71430206298828
2025-02-06,2,100,48,62.5
2025-02-07,7,85.714302062988,115,64.3478012084961
2025-02-08,11,63.63639831543,397,67.7582015991211
2025-02-09,7,42.85710144043,282,68.08509826660156
2025-02-10,0,0,62,61.29029846191406
2025-02-11,6,66.666702270508,108,67.59259796142578
2025-02-12,4,50,93,62.3656005859375
2025-02-13,3,100,82,59.756099700927734
2025-02-14,2,0,125,60.79999923706055
2025-02-15,16,68.75,448,65.84819793701172
2025-02-16,7,71.428596496582,320,68.125
2025-02-17,3,66.666702270508,68,63.23529815673828
2025-02-18,4,25,78,60.25640106201172
2025-02-19,1,100,89,66.29209899902344
2025-02-20,0,0,48,68.75
2025-02-21,3,66.666702270508,151,68.87419891357422
2025-02-22,17,41.176498413086,463,64.57879638671875
2025-02-23,17,70.588203430176,315,63.49209976196289
2025-02-24,2,100,56,60.714298248291016
2025-02-25,2,100,69,71.0145034790039
2025-02-26,8,87.5,81,61.72840118408203
2025-02-27,6,50,67,71.64179992675781
2025-02-28,10,60,167,64.0718994140625
2025-03-01,14,50,462,64.502197265625
2025-03-02,6,50,346,67.34100341796875
2025-03-03,2,50,78,67.94869995117188
2025-03-04,1,0,88,71.59089660644531
2025-03-05,1,100,74,66.21620178222656
2025-03-06,4,100,63,73.01589965820312
2025-03-07,3,0,163,69.32520294189453
2025-03-08,7,57.14289855957,451,70.06649780273438
2025-03-09,4,25,383,66.31849670410156
2025-03-10,1,100,76,76.31580352783203
2025-03-11,1,100,106,67.92449951171875
2025-03-12,2,100,55,54.545501708984375
2025-03-13,1,100,51,64.70590209960938
2025-03-14,2,100,139,64.74819946289062
2025-03-15,9,77.777801513672,470,66.595703125
2025-03-16,11,90.909103393555,371,71.96769714355469
2025-03-17,0,0,38,60.52629852294922
2025-03-18,0,0,34,52.941200256347656
2025-03-19,0,0,17,70.58820343017578
2025-03-20,5,60,36,72.22219848632812
2025-03-21,1,100,62,72.58070373535156
2025-03-22,5,60,248,64.51609802246094
2025-03-23,2,100,136,65.44120025634766
2025-03-24,5,80,26,88.46150207519531
2025-03-25,0,0,51,62.74509811401367
2025-03-26,0,0,41,65.85369873046875
2025-03-27,0,0,29,55.172401428222656
2025-03-28,3,100,161,71.42859649658203
2025-03-29,8,62.5,447,65.10070037841797
2025-03-30,8,62.5,264,59.8484992980957
2025-03-31,1,100,66,68.18180084228516
2025-04-01,3,66.666702270508,72,65.27780151367188
2025-04-02,3,66.666702270508,152,67.10530090332031
2025-04-03,1,100,67,61.194000244140625
2025-04-04,3,33.333301544189,212,66.0376968383789
2025-04-05,10,40,673,65.23030090332031
2025-04-06,8,87.5,538,69.5167007446289
2025-04-07,3,100,97,62.886600494384766
2025-04-08,3,100,96,60.41669845581055
2025-04-09,2,100,116,68.96549987792969
2025-04-10,2,100,94,64.89360046386719
2025-04-11,7,85.714302062988,219,64.38359832763672
2025-04-12,15,80,630,68.4126968383789
2025-04-13,13,69.230796813965,507,70.61139678955078
2025-04-14,5,100,107,72.89720153808594
2025-04-15,2,100,69,72.46379852294922
2025-04-16,1,0,114,70.17539978027344
2025-04-17,8,75,139,59.71220016479492
2025-04-18,11,81.818199157715,346,68.49710083007812
2025-04-19,20,75,523,67.11280059814453
2025-04-20,14,85.714302062988,408,67.4020004272461
2025-04-21,5,80,261,66.28350067138672
2025-04-22,3,66.666702270508,86,56.97669982910156
2025-04-23,1,0,132,65.90910339355469
2025-04-24,1,100,96,60.41669845581055
2025-04-25,1,100,204,67.64710235595703
2025-04-26,11,81.818199157715,566,68.02120208740234
2025-04-27,12,66.666702270508,553,69.43939971923828
2025-04-28,3,100,121,60.33060073852539
2025-04-29,1,100,83,71.08429718017578
2025-04-30,1,100,86,56.97669982910156
2025-05-01,4,50,89,62.9213981628418
2025-05-02,4,100,224,72.32140350341797
2025-05-03,17,70.588203430176,555,66.1260986328125
2025-05-04,12,75,434,64.28569793701172
2025-05-05,4,75,133,68.42109680175781
2025-05-06,1,100,93,76.34410095214844
2025-05-07,3,100,122,54.917999267578125
2025-05-08,0,0,83,63.85540008544922
2025-05-09,3,66.666702270508,190,58.42110061645508
2025-05-10,12,75,465,69.24729919433594
2025-05-11,20,55,443,65.46279907226562
2025-05-12,4,50,91,58.241798400878906
2025-05-13,1,100,79,73.4177017211914
2025-05-14,5,100,123,65.04060363769531
2025-05-15,2,50,91,75.82420349121094
2025-05-16,6,33.333301544189,187,62.56679916381836
2025-05-17,12,58.333301544189,426,65.02349853515625
2025-05-18,18,66.666702270508,398,61.30649948120117
2025-05-19,0,0,90,70
2025-05-20,5,100,80,82.5
2025-05-21,1,0,103,72.81549835205078
2025-05-22,1,100,64,62.5
2025-05-23,1,100,136,67.64710235595703
2025-05-24,9,77.777801513672,374,66.04280090332031
2025-05-25,10,60,342,66.08190155029297
2025-05-26,3,100,75,77.33329772949219
2025-05-27,0,0,43,51.16279983520508
2025-05-28,2,50,76,68.42109680175781
2025-05-30,1,100,95,65.26319885253906
2025-05-31,8,87.5,258,67.44190216064453
2025-06-01,5,60,231,66.23380279541016
2025-06-02,1,0,39,66.66670227050781
2025-06-03,2,50,19,57.89469909667969
2025-06-04,0,0,38,65.78949737548828
2025-06-05,0,0,35,57.14289855957031
2025-06-06,4,75,73,69.86299896240234
2025-06-07,7,100,167,62.874298095703125
2025-06-08,0,0,125,64
2025-06-09,3,66.666702270508,41,65.85369873046875
2025-06-10,4,100,43,55.81399917602539
2025-06-11,2,100,58,56.89649963378906
2025-06-12,0,0,32,71.875
2025-06-13,0,0,61,57.37699890136719
2025-06-14,6,50,250,68.4000015258789
2025-06-15,4,50,179,62.569801330566406
2025-06-16,2,100,34,70.58820343017578
2025-06-17,1,0,32,75
2025-06-18,1,100,64,60.9375
2025-06-19,3,100,72,75
2025-06-20,1,100,62,61.29029846191406
2025-06-21,7,85.714302062988,210,65.23809814453125
2025-06-22,4,50,174,68.96549987792969
2025-06-23,0,0,47,59.574501037597656
2025-06-24,0,0,23,65.21739959716797
2025-06-25,1,100,50,60
2025-06-26,4,100,48,66.66670227050781
2025-06-27,0,0,83,63.85540008544922
2025-06-28,4,100,230,59.56520080566406
2025-06-29,3,33.333301544189,161,60.2484016418457
2025-06-30,1,100,44,65.90910339355469
2025-07-01,0,0,24,58.33330154418945
2025-07-02,0,0,48,60.41669845581055
2025-07-03,3,100,28,85.71430206298828
2025-07-04,1,100,56,62.5
2025-07-05,5,80,230,66.95649719238281
2025-07-06,4,25,136,68.38240051269531
2025-07-07,1,100,29,72.41380310058594
2025-07-08,0,0,32,56.25
2025-07-09,1,0,43,65.11630249023438
2025-07-10,4,50,49,71.42859649658203
2025-07-11,0,0,50,62
2025-07-12,6,66.666702270508,227,63.436100006103516
2025-07-13,5,60,178,65.73030090332031
2025-07-14,2,50,46,69.56520080566406
2025-07-15,0,0,56,67.85710144042969
2025-07-16,2,100,48,62.5
2025-07-17,1,100,73,64.38359832763672
2025-07-18,2,100,101,67.32669830322266
2025-07-19,7,57.14289855957,367,64.03269958496094
2025-07-20,4,75,236,68.22029876708984
2025-07-21,2,50,52,57.692298889160156
2025-07-22,0,0,91,63.73630142211914
2025-07-23,0,0,60,65
2025-07-24,3,66.666702270508,85,65.88240051269531
2025-07-25,2,50,140,63.5713996887207
2025-07-26,5,80,413,65.61740112304688
2025-07-27,9,55.555599212646,252,65.4761962890625
2025-07-28,1,100,48,62.5
2025-07-29,1,100,56,67.85710144042969
2025-07-30,2,50,81,64.19750213623047
2025-07-31,1,100,83,67.46990203857422
2025-08-01,0,0,118,58.47460174560547
2025-08-02,5,80,441,68.48069763183594
2025-08-03,6,50,289,64.35990142822266
2025-08-04,1,100,84,61.90480041503906
2025-08-05,1,0,51,66.66670227050781
2025-08-06,0,0,82,68.2927017211914
2025-08-07,2,50,71,66.19719696044922
2025-08-08,3,66.666702270508,169,65.08879852294922
2025-08-09,5,80,490,65.71430206298828
2025-08-10,5,100,362,69.61329650878906
2025-08-11,0,0,71,66.19719696044922
2025-08-12,0,0,114,59.64910125732422
2025-08-13,2,0,72,63.88890075683594
2025-08-14,2,50,75,76
2025-08-15,4,75,185,63.78379821777344
2025-08-16,6,66.666702270508,530,65.8490982055664
2025-08-17,6,83.333297729492,391,66.49620056152344
2025-08-18,1,0,102,57.843101501464844
2025-08-19,1,100,127,58.2677001953125
2025-08-20,1,100,75,70.66670227050781
2025-08-21,2,0,89,61.797698974609375
2025-08-22,4,75,205,61.463401794433594
2025-08-23,9,77.777801513672,531,70.80979919433594
2025-08-24,12,75,398,66.08039855957031
2025-08-25,2,50,169,63.3135986328125
2025-08-26,0,0,98,61.2244987487793
2025-08-27,0,0,84,64.28569793701172
2025-08-28,2,0,78,60.25640106201172
2025-08-29,1,100,183,66.66670227050781
2025-08-30,13,69.230796813965,520,69.42310333251953
2025-08-31,16,68.75,432,66.4352035522461
2025-09-01,1,0,62,58.06449890136719
2025-09-02,0,0,75,66.66670227050781
2025-09-03,0,0,43,60.4650993347168
2025-09-04,5,40,33,60.60609817504883
2025-09-05,9,88.888900756836,116,58.62070083618164
2025-09-06,6,50,337,68.24929809570312
2025-09-07,6,50,201,68.1592025756836
2025-09-08,5,100,66,78.78790283203125
2025-09-09,4,50,66,57.575801849365234
2025-09-10,3,100,54,79.62960052490234
2025-09-11,0,0,37,70.27030181884766
2025-09-12,3,33.333301544189,196,63.7755012512207
2025-09-13,11,72.72730255127,427,68.38410186767578
2025-09-14,12,41.666698455811,416,67.06729888916016
2025-09-15,1,100,85,56.47060012817383
2025-09-16,4,75,107,60.74769973754883
2025-09-17,3,66.666702270508,126,62.69839859008789
2025-09-18,3,100,67,77.61190032958984
2025-09-19,4,50,207,69.08209991455078
2025-09-20,8,62.5,530,66.22640228271484
2025-09-21,15,73.333297729492,400,67.75
2025-09-22,5,40,99,63.63639831542969
2025-09-23,5,60,147,68.7074966430664
2025-09-24,1,0,163,68.71170043945312
2025-09-25,4,100,85,70.58820343017578
2025-09-26,2,100,189,67.72489929199219
2025-09-27,12,50,468,62.6068000793457
2025-09-28,16,68.75,430,66.04650115966797
2025-09-29,8,62.5,124,65.32260131835938
2025-09-30,7,71.428596496582,105,61.90480041503906
2025-10-01,3,33.333301544189,103,69.90290069580078
2025-10-02,3,100,83,72.28919982910156
2025-10-03,6,33.333301544189,207,70.53140258789062
2025-10-04,20,50,554,66.06500244140625
2025-10-05,22,63.63639831543,480,67.08329772949219
2025-10-06,0,0,48,77.08329772949219
2025-10-07,1,0,54,61.11109924316406
2025-10-08,2,100,44,56.818199157714844
2025-10-09,1,100,41,58.536598205566406
2025-10-10,4,75,106,67.92449951171875
2025-10-11,6,83.333297729492,348,65.80460357666016
2025-10-12,6,83.333297729492,260,62.692298889160156
2025-10-13,6,50,66,65.15149688720703
2025-10-14,6,100,85,67.05879974365234
2025-10-15,3,66.666702270508,35,65.71430206298828
2025-10-16,0,0,40,65
2025-10-17,3,100,201,66.16919708251953
2025-10-18,20,60,615,66.82929992675781
2025-10-19,23,73.91300201416,430,67.20929718017578
2025-10-20,2,100,78,71.7948989868164
2025-10-21,1,100,136,71.32350158691406
2025-10-22,5,100,120,70.83329772949219
2025-10-23,5,60,83,68.67469787597656
2025-10-24,3,66.666702270508,205,66.34149932861328
2025-10-25,17,70.588203430176,593,68.80269622802734
2025-10-26,17,58.823501586914,423,67.84870147705078
2025-10-27,3,100,74,63.51350021362305
2025-10-28,1,100,141,68.79429626464844
2025-10-29,3,66.666702270508,206,63.592201232910156
2025-10-30,1,0,101,58.41579818725586
2025-10-31,7,71.428596496582,192,64.58329772949219
2025-11-01,25,84,536,66.41790008544922
2025-11-02,15,73.333297729492,470,64.68080139160156
2025-11-03,1,100,100,65
2025-11-04,5,100,108,71.29630279541016
2025-11-05,4,25,92,64.13040161132812
2025-11-06,2,50,75,68
2025-11-07,4,50,197,73.09649658203125
2025-11-08,11,63.63639831543,615,65.69110107421875
2025-11-09,19,68.421096801758,459,67.10240173339844
2025-11-10,0,0,40,72.5
2025-11-11,0,0,67,71.64179992675781
2025-11-12,0,0,11,72.72730255126953
2025-11-13,3,66.666702270508,22,50
2025-11-14,5,80,67,53.731300354003906
2025-11-15,11,81.818199157715,309,66.34300231933594
2025-11-16,1,100,196,73.46939849853516
2025-11-17,1,100,26,65.38459777832031
2025-11-18,1,100,61,68.85250091552734
2025-11-19,1,100,20,65
2025-11-20,0,0,34,70.58820343017578
2025-11-21,3,66.666702270508,172,58.13949966430664
2025-11-22,14,71.428596496582,562,65.48040008544922
2025-11-23,10,70,397,70.52899932861328
2025-11-24,0,0,51,66.66670227050781
2025-11-25,3,66.666702270508,121,66.94210052490234
2025-11-26,2,100,93,63.44089889526367
2025-11-27,7,100,76,64.47370147705078
2025-11-28,6,33.333301544189,132,69.6969985961914
2025-11-29,13,69.230796813965,484,68.59500122070312
2025-11-30,14,71.428596496582,377,67.90450286865234
2025-12-01,3,33.333301544189,49,65.30609893798828
2025-12-02,1,100,94,60.638301849365234
2025-12-03,4,75,128,67.1875
2025-12-04,3,100,76,65.78949737548828
2025-12-05,3,66.666702270508,129,76.74420166015625
2025-12-06,14,92.85710144043,427,65.57379913330078
2025-12-07,5,100,311,66.55950164794922
2025-12-08,1,0,72,66.66670227050781
2025-12-09,4,100,74,66.21620178222656
2025-12-10,2,50,70,64.28569793701172
2025-12-11,4,100,65,61.53850173950195
2025-12-12,1,100,120,63.33330154418945
2025-12-13,7,42.85710144043,380,70.26319885253906
2025-12-14,13,69.230796813965,289,66.78199768066406
2025-12-15,0,0,40,82.5
2025-12-16,2,50,63,61.90480041503906
2025-12-17,0,0,70,64.28569793701172
2025-12-18,2,100,59,67.79660034179688
2025-12-19,4,100,94,70.21279907226562
2025-12-20,14,78.571403503418,351,64.10260009765625
2025-12-21,4,100,239,67.78240203857422
2025-12-22,6,100,58,67.24140167236328
2025-12-23,4,100,35,74.28569793701172
2025-12-24,0,0,37,72.9729995727539
2025-12-25,1,100,22,59.09090042114258
2025-12-26,5,80,149,62.416099548339844
2025-12-27,6,66.666702270508,138,68.11589813232422
2025-12-28,3,100,69,66.66670227050781
2025-12-29,4,75,67,79.10449981689453
2025-12-30,10,50,86,63.95349884033203
2025-12-31,2,100,27,77.77780151367188
2026-01-01,1,100,70,68.57140350341797
2026-01-02,0,0,38,89.47370147705078
2026-01-03,13,69.230796813965,181,74.03309631347656
2026-01-04,5,40,208,62.5
2026-01-05,2,100,40,77.5
2026-01-06,2,50,67,65.67160034179688
2026-01-07,2,50,63,61.90480041503906
2026-01-08,2,100,45,68.88890075683594
2026-01-09,1,100,78,74.35900115966797
2026-01-10,10,70,346,65.02890014648438
2026-01-11,5,100,342,67.25150299072266
2026-01-12,2,100,57,75.4385986328125
2026-01-13,4,50,98,59.18370056152344
2026-01-14,3,66.666702270508,139,67.62590026855469
2026-01-15,3,100,95,70.52629852294922
2026-01-16,4,50,147,67.3469009399414
2026-01-17,26,61.538501739502,518,64.67179870605469
2026-01-18,7,71.428596496582,458,64.4104995727539
2026-01-19,2,100,70,68.57140350341797
2026-01-20,4,50,114,67.54389953613281
2026-01-21,11,72.72730255127,135,60.740699768066406
2026-01-22,3,33.333301544189,115,59.130401611328125
2026-01-23,6,100,187,63.101600646972656
2026-01-24,28,67.85710144043,560,66.60710144042969
2026-01-25,15,73.333297729492,567,66.66670227050781
2026-01-26,4,50,87,70.11489868164062
2026-01-27,3,100,120,70
2026-01-28,11,63.63639831543,151,74.17220306396484
2026-01-29,9,88.888900756836,87,64.3677978515625
2026-01-30,6,66.666702270508,191,67.53929901123047
2026-01-31,18,77.777801513672,630,68.09519958496094
2026-02-01,18,72.222198486328,575,68.3478012084961
2026-02-02,3,66.666702270508,77,70.12989807128906
2026-02-03,2,100,113,69.02660369873047
2026-02-04,2,100,135,73.33329772949219
2026-02-05,5,100,93,64.51609802246094
2026-02-06,6,66.666702270508,184,64.67389678955078
2026-02-07,24,45.833301544189,646,63.62229919433594
2026-02-08,10,80,597,66.83419799804688
2026-02-09,8,87.5,99,71.71720123291016
2026-02-10,3,100,133,66.16539764404297
2026-02-11,6,66.666702270508,158,57.59489822387695
2026-02-12,0,0,92,65.21739959716797
2026-02-13,5,80,223,66.81610107421875
2026-02-14,15,73.333297729492,645,65.11630249023438
2026-02-15,16,81.25,645,66.82170104980469
2026-02-16,3,66.666702270508,93,62.3656005859375
2026-02-17,0,0,137,64.23359680175781
2026-02-18,2,50,94,69.1489028930664
2026-02-19,2,100,82,69.51219940185547
2026-02-20,8,75,217,69.58529663085938
2026-02-21,15,80,764,64.65969848632812
2026-02-22,10,80,731,70.45140075683594
2026-02-23,0,0,88,69.31819915771484
2026-02-24,5,80,134,66.41790008544922
2026-02-25,9,77.777801513672,154,72.0779037475586
2026-02-26,4,50,109,70.64219665527344
2026-02-27,6,66.666702270508,259,66.02320098876953
2026-02-28,24,83.333297729492,812,68.84239959716797
2026-03-01,5,80,745,66.04029846191406
2026-03-02,3,100,88,68.18180084228516
2026-03-03,4,100,178,70.7864990234375
2026-03-04,3,33.333301544189,223,70.40360260009766
2026-03-05,1,100,105,70.4761962890625
2026-03-06,5,100,237,69.19830322265625
2026-03-07,17,76.470596313477,847,65.0531005859375
2026-03-08,12,66.666702270508,675,67.85189819335938
2026-03-09,5,100,96,64.58329772949219
2026-03-10,3,100,148,67.56759643554688
2026-03-11,4,75,146,73.2876968383789
2026-03-12,3,100,93,68.81719970703125
2026-03-13,7,85.714302062988,267,70.41200256347656
2026-03-14,25,76,923,66.95559692382812
2026-03-15,17,58.823501586914,766,65.79630279541016
2026-03-16,5,100,101,71.28710174560547
2026-03-17,6,100,157,71.97450256347656
2026-03-18,7,42.85710144043,196,67.3469009399414
2026-03-19,6,100,102,72.54900360107422
2026-03-20,5,40,214,65.42060089111328
2026-03-21,20,80,871,68.19750213623047
2026-03-22,15,60,754,66.44560241699219
2026-03-23,2,50,65,61.53850173950195
2026-03-24,0,0,98,67.3469009399414
2026-03-25,1,0,124,62.9031982421875
2026-03-26,2,100,56,71.42859649658203
2026-03-27,7,42.85710144043,126,60.317501068115234
2026-03-28,5,100,684,66.66670227050781
2026-03-29,6,66.666702270508,480,64.79170227050781
2026-03-30,0,0,51,70.58820343017578
2026-03-31,0,0,83,67.46990203857422
2026-04-01,2,50,126,63.49209976196289
2026-04-02,1,100,239,62.343101501464844
2026-04-03,9,77.777801513672,424,68.6321029663086
2026-04-04,16,93.75,774,66.66670227050781
2026-04-05,16,87.5,561,67.37969970703125
2026-04-06,5,80,332,70.18070220947266
2026-04-07,2,100,138,66.66670227050781
2026-04-08,4,50,191,66.49210357666016
2026-04-09,3,100,101,70.2969970703125
2026-04-10,8,87.5,272,59.558799743652344
2026-04-11,15,93.333297729492,921,65.25520324707031
2026-04-12,7,57.14289855957,852,69.13150024414062
2026-04-13,1,100,132,59.8484992980957
2026-04-14,4,75,122,72.95079803466797
2026-04-15,3,100,128,68.75
2026-04-16,3,100,106,70.75469970703125
2026-04-17,10,80,286,68.53150177001953
2026-04-18,23,56.521701812744,982,68.53359985351562
2026-04-19,8,87.5,804,66.54229736328125
2026-04-20,2,100,91,73.62640380859375
2026-04-21,2,50,151,70.19869995117188
2026-04-22,3,66.666702270508,222,68.46849822998047
2026-04-23,2,100,138,69.56520080566406
2026-04-24,7,71.428596496582,267,71.16100311279297
2026-04-25,13,61.538501739502,869,68.35440063476562
2026-04-26,14,78.571403503418,783,67.17749786376953
2026-04-27,6,50,142,67.60559844970703
2026-04-28,2,50,78,60.25640106201172
2026-04-29,4,75,188,69.1489028930664
2026-04-30,5,100,148,66.21620178222656
2026-05-01,13,69.230796813965,303,66.00659942626953
2026-05-02,11,72.72730255127,722,65.9280014038086
2026-05-03,8,37.5,682,67.3021011352539
2026-05-04,3,100,143,65.73429870605469
2026-05-05,3,100,108,65.7406997680664
2026-05-06,5,60,204,68.13729858398438
2026-05-07,1,100,99,76.7677001953125
2026-05-08,7,71.428596496582,269,63.56880187988281
2026-05-09,10,70,747,66.26509857177734
2026-05-10,17,58.823501586914,703,68.27880096435547
2026-05-11,1,100,121,68.59500122070312
2026-05-12,3,33.333301544189,97,61.8557014465332
2026-05-13,2,50,211,68.24639892578125
2026-05-14,4,50,150,58.66669845581055
2026-05-15,2,100,218,67.43119812011719
2026-05-16,18,66.666702270508,735,67.3469009399414
2026-05-17,12,66.666702270508,610,67.868896484375
2026-05-18,2,0,82,58.536598205566406
2026-05-19,2,100,69,75.36229705810547
2026-05-20,1,100,152,67.76319885253906
2026-05-21,3,33.333301544189,95,64.21050262451172
2026-05-22,3,66.666702270508,190,62.63159942626953
2026-05-23,14,35.714298248291,603,64.51080322265625
2026-05-24,12,83.333297729492,447,70.24610137939453
2026-05-25,1,100,118,67.79660034179688
2026-05-26,2,50,69,71.0145034790039
2026-05-27,5,40,95,63.157901763916016
2026-05-28,1,0,61,63.93439865112305
2026-05-29,9,100,157,65.6051025390625
2026-05-30,11,81.818199157715,449,65.70159912109375
2026-05-31,10,70,330,65.75759887695312
2026-06-01,0,0,49,65.30609893798828
2026-06-02,0,0,42,66.66670227050781
2026-06-03,2,100,44,56.818199157714844
2026-06-04,0,0,44,70.45449829101562
2026-06-05,1,100,80,75
2026-06-06,3,100,251,69.72109985351562
2026-06-07,4,75,183,67.21309661865234
2026-06-08,1,0,32,78.125
2026-06-09,1,0,42,73.80950164794922
2026-06-10,1,100,45,68.88890075683594
2026-06-11,1,100,40,70
2026-06-12,2,50,75,65.33329772949219
2026-06-13,10,60,249,69.07630157470703
2026-06-14,7,71.428596496582,240,66.25
2026-06-15,0,0,38,57.89469909667969
2026-06-16,1,100,40,70
2026-06-17,4,50,79,62.025299072265625
2026-06-18,2,50,71,71.83100128173828
2026-06-19,2,100,71,66.19719696044922
2026-06-20,9,66.666702270508,254,66.1417007446289
2026-06-21,6,33.333301544189,217,69.58529663085938
2026-06-22,3,100,58,65.51719665527344
2026-06-23,4,75,43,67.44190216064453
2026-06-24,3,100,72,63.88890075683594
2026-06-25,0,0,49,67.3469009399414
2026-06-26,4,100,109,79.81649780273438
2026-06-27,9,66.666702270508,353,69.68840026855469
2026-06-28,15,53.333301544189,188,65.42549896240234
2026-06-29,3,66.666702270508,39,69.23079681396484
2026-06-30,2,100,42,76.19049835205078
2026-07-01,1,100,82,67.07319641113281
2026-07-02,6,66.666702270508,50,66
2026-07-03,5,80,108,70.37039947509766
2026-07-04,4,50,308,62.98701095581055
2026-07-05,7,71.428573608398,196,68.87755584716797
2026-07-06,0,0,34,67.64705657958984
2026-07-07,3,100,56,67.85713958740234
2026-07-08,1,100,58,65.51724243164062
2026-07-09,2,100,57,68.42105102539062
2026-07-10,1,0,111,63.06306076049805
2026-07-11,6,66.66667175293,297,65.31986236572266
2026-07-12,3,66.66667175293,199,66.83416748046875
2026-07-13,2,50,42,76.19047546386719
2026-07-14,1,0,100,61
2026-07-15,1,100,79,65.82278442382812
2026-07-16,2,50,73,69.8630142211914
2026-07-17,4,50,140,66.42857360839844
2026-07-18,10,70,374,64.9732666015625
2026-07-19,3,0,134,70.89552307128906
2026-07-20,0,0,36,44.4444465637207
2026-07-21,2,100,96,60.41666793823242
2026-07-22,3,66.66667175293,106,62.2641487121582
2026-07-23,6,50,110,70
2026-07-24,1,100,143,66.43356323242188
2026-07-25,11,90.90909576416,475,62.52631378173828
2026-07-26,14,78.571426391602,336,63.69047927856445
2026-07-27,1,100,74,75.67567443847656
2026-07-28,1,0,104,69.23077392578125
2026-07-29,4,75,116,66.37931060791016
2026-07-30,5,100,94,60.63829803466797
2026-07-31,5,100,217,67.2811050415039
2026-08-01,6,83.33332824707,564,67.37588500976562
2026-08-02,6,83.33332824707,374,71.39037322998047
2026-08-03,3,100,101,69.30693054199219
2026-08-04,1,0,74,72.97296905517578
2026-08-05,2,0,94,67.02127075195312
2026-08-06,7,100,96,66.66667175292969
2026-08-07,3,66.66667175293,216,63.42593002319336
2026-08-08,7,85.714286804199,753,68.5259017944336
2026-08-09,6,50,451,68.51441192626953
2026-08-10,3,100,87,65.51724243164062
2026-08-11,2,50,110,59.09090805053711
2026-08-12,0,0,121,60.33057403564453
2026-08-13,2,50,90,68.8888931274414
2026-08-14,2,50,267,66.66667175292969
2026-08-15,10,60.000003814697,782,67.64705657958984
2026-08-16,13,76.923080444336,512,66.2109375
2026-08-17,0,0,115,70.43478393554688
2026-08-18,1,0,133,69.17292785644531
2026-08-19,1,100,151,63.5761604309082
2026-08-20,8,87.5,140,67.85713958740234
2026-08-21,5,80,250,68.80000305175781
2026-08-22,7,85.714286804199,762,67.5853042602539
2026-08-23,8,37.5,493,66.53144073486328
2026-08-24,1,0,121,65.28926086425781
2026-08-25,2,50,136,65.44117736816406
2026-08-26,3,33.333335876465,191,63.35078430175781
2026-08-27,4,50,111,71.17117309570312
2026-08-28,3,100,297,64.98316192626953
2026-08-29,6,50,758,65.96305847167969
2026-08-30,13,84.615386962891,612,66.01307678222656
2026-08-31,4,50,224,64.73213958740234
2026-09-01,0,0,145,67.5862045288086
2026-09-02,1,100,193,69.94818115234375
2026-09-03,5,100,108,70.37036895751953
2026-09-04,8,50,270,70.74073791503906
2026-09-05,14,78.571426391602,847,66.82408142089844
2026-09-06,17,76.470588684082,703,65.43385314941406
2026-09-07,4,50,140,73.57142639160156
2026-09-08,1,0,150,69.33333587646484
2026-09-09,2,100,177,71.75141143798828
2026-09-10,5,80,127,62.2047233581543
2026-09-11,8,100,272,66.54411315917969
2026-09-12,23,69.565216064453,890,65.28089904785156
2026-09-13,21,76.190475463867,734,65.66757202148438
2026-09-14,3,100,147,73.46939086914062
2026-09-15,4,50,162,66.66667175292969
2026-09-16,1,100,223,68.16143035888672
2026-09-17,3,100,127,64.56692504882812
2026-09-18,3,100,272,72.42646789550781
2026-09-19,15,73.333335876465,847,67.06021118164062
2026-09-20,18,83.33332824707,727,64.92434692382812
2026-09-21,3,66.66667175293,100,67
2026-09-22,0,0,110,72.7272720336914
